{"stats":{"minecraft:mined":{"minecraft:oak_log":2,"minecraft:jungle_leaves":3},"minecraft:picked_up":{"minecraft:oak_log":2},"minecraft:custom":{"minecraft:jump":22,"minecraft:time_since_rest":6975,"minecraft:crouch_one_cm":151,"minecraft:leave_game":2,"minecraft:play_time":6975,"minecraft:sprint_one_cm":1653,"minecraft:time_since_death":6975,"minecraft:walk_one_cm":2575,"minecraft:sneak_time":153,"minecraft:total_world_time":6975,"minecraft:climb_one_cm":1060,"minecraft:fall_one_cm":209,"minecraft:fly_one_cm":1879}},"DataVersion":3465}